ntoskrnlVersion,PspCreateProcessNotifyRoutine,PspCreateThreadNotifyRoutine,PspLoadImageNotifyRoutine,_EPROCESS_Protection,EtwThreatIntProvRegHandle,_ETW_REG_ENTRY_GuidEntry,_ETW_GUID_ENTRY_ProviderEnableInfo,PsProcessType,PsThreadType,_OBJECT_TYPE_CallbackList,SeCiCallbacks
ntoskrnl_10240-16384.exe,35d2e0,35d0e0,35cee0,6aa,0,20,50,3c51e8,3c5200,c8,31ee80
ntoskrnl_10240-17394.exe,35d420,35d220,35d020,6aa,0,20,50,3c51e8,3c5200,c8,31ef40
ntoskrnl_10240-17443.exe,35c420,35c220,35c020,6aa,0,20,50,3c41e8,3c4200,c8,31df40
ntoskrnl_10240-17446.exe,35c420,35c220,35c020,6aa,0,20,50,3c41e8,3c4200,c8,31df40
ntoskrnl_10240-17488.exe,35c3e0,35c1e0,35bfe0,6aa,0,20,50,3c41e8,3c4200,c8,31df40
ntoskrnl_10240-17533.exe,35c3e0,35c1e0,35bfe0,6aa,0,20,50,3c41e8,3c4200,c8,31df40
ntoskrnl_10240-17609.exe,35c3e0,35c1e0,35bfe0,6aa,0,20,50,3c41e8,3c4200,c8,31df40
ntoskrnl_10240-17643.exe,35c3e0,35c1e0,35bfe0,6aa,0,20,50,3c41e8,3c4200,c8,31df40
ntoskrnl_10240-17709.exe,35c3e0,35c1e0,35bfe0,6aa,0,20,50,3c41e8,3c4200,c8,31df40
ntoskrnl_10240-17738.exe,366520,366320,366120,6b2,0,20,50,3cd1e8,3cd200,c8,328060
ntoskrnl_10240-17741.exe,366520,366320,366120,6b2,0,20,50,3cd1e8,3cd200,c8,328060
ntoskrnl_10240-17770.exe,366520,366320,366120,6b2,0,20,50,3cd1e8,3cd200,c8,328060
ntoskrnl_10240-17797.exe,366520,366320,366120,6b2,0,20,50,3cd1e8,3cd200,c8,328060
ntoskrnl_10240-17831.exe,366520,366320,366120,6b2,0,20,50,3cd1e8,3cd200,c8,328060
ntoskrnl_10240-17861.exe,3664e0,3662e0,3660e0,6b2,0,20,50,3cd228,3cd240,c8,328020
ntoskrnl_10240-17889.exe,3644e0,3642e0,3640e0,6b2,0,20,50,3cc228,3cc248,c8,326040
ntoskrnl_10240-17914.exe,3644e0,3642e0,3640e0,6b2,0,20,50,3cc228,3cc248,c8,326040
ntoskrnl_10240-17976.exe,3694e0,3692e0,3690e0,6b2,0,20,50,3d0228,3d0248,c8,32b040
ntoskrnl_10240-18005.exe,3694e0,3692e0,3690e0,6b2,0,20,50,3d0228,3d0248,c8,32b040
ntoskrnl_10240-18036.exe,369520,369320,369120,6b2,0,20,50,3d0228,3d0248,c8,32b040
ntoskrnl_10240-18063.exe,369520,369320,369120,6b2,0,20,50,3d0228,3d0248,c8,32b040
ntoskrnl_10240-18094.exe,369520,369320,369120,6b2,0,20,50,3d0228,3d0248,c8,32b040
ntoskrnl_10240-18132.exe,369520,369320,369120,6b2,0,20,50,3d0228,3d0248,c8,32b040
ntoskrnl_10240-18135.exe,369520,369320,369120,6b2,0,20,50,3d0228,3d0248,c8,32b040
ntoskrnl_10240-18158.exe,369520,369320,369120,6b2,0,20,50,3d0228,3d0248,c8,32b040
ntoskrnl_10240-18187.exe,369520,369320,369120,6b2,0,20,50,3d0228,3d0248,c8,32b040
ntoskrnl_10240-18215.exe,369520,369320,369120,6b2,0,20,50,3d0228,3d0248,c8,32b040
ntoskrnl_10240-18275.exe,369520,369320,369120,6b2,0,20,50,3d0228,3d0248,c8,32b040
ntoskrnl_10240-18303.exe,369520,369320,369120,6b2,0,20,50,3d0228,3d0248,c8,32b040
ntoskrnl_10240-18333.exe,369520,369320,369120,6b2,0,20,50,3d0228,3d0248,c8,32b060
ntoskrnl_10240-18427.exe,367520,367320,367120,6b2,0,20,50,3cd228,3cd248,c8,329080
ntoskrnl_10240-18452.exe,367520,367320,367120,6b2,0,20,50,3cd228,3cd248,c8,329080
ntoskrnl_10240-18485.exe,3684e0,3682e0,3680e0,6b2,0,20,50,3ce228,3ce248,c8,32a040
ntoskrnl_10240-18545.exe,3684e0,3682e0,3680e0,6b2,0,20,50,3ce228,3ce248,c8,32a040
ntoskrnl_10240-18575.exe,3684e0,3682e0,3680e0,6b2,0,20,50,3ce228,3ce248,c8,32a040
ntoskrnl_10240-18608.exe,3684e0,3682e0,3680e0,6b2,0,20,50,3ce228,3ce248,c8,32a040
ntoskrnl_10240-18609.exe,3684e0,3682e0,3680e0,6b2,0,20,50,3ce228,3ce248,c8,32a040
ntoskrnl_10240-18638.exe,3684e0,3682e0,3680e0,6b2,0,20,50,3ce228,3ce248,c8,32a040
ntoskrnl_10240-18666.exe,367560,367360,367160,6b2,0,20,50,3cd228,3cd248,c8,329060
ntoskrnl_10240-18725.exe,367560,367360,367160,6b2,0,20,50,3cd228,3cd248,c8,329060
ntoskrnl_10240-18756.exe,367560,367360,367160,6b2,0,20,50,3cd228,3cd248,c8,329060
ntoskrnl_10240-18841.exe,367560,367360,367160,6b2,0,20,50,3cd228,3cd248,c8,329060
ntoskrnl_10240-18906.exe,367560,367360,367160,6b2,0,20,50,3cd228,3cd248,c8,329060
ntoskrnl_10240-19086.exe,3664e0,3662e0,3660e0,6b2,0,20,50,3cc228,3cc248,c8,328040
ntoskrnl_10240-19119.exe,3664e0,3662e0,3660e0,6b2,0,20,50,3cc228,3cc248,c8,328040
ntoskrnl_10240-19145.exe,3664e0,3662e0,3660e0,6b2,0,20,50,3cc228,3cc248,c8,328040
ntoskrnl_10240-19204.exe,3664a0,3662a0,3660a0,6b2,0,20,50,3cc228,3cc248,c8,328020
ntoskrnl_10240-19235.exe,366520,366320,366120,6b2,0,20,50,3cc228,3cc248,c8,328020
ntoskrnl_10240-19325.exe,366520,366320,366120,6b2,0,20,50,3cc228,3cc248,c8,328020
ntoskrnl_10240-19567.exe,3694e0,3692e0,3690e0,6b2,0,20,50,3cf228,3cf248,c8,32b020
ntoskrnl_10240-19869.exe,369520,369320,369120,6b2,0,20,50,3cf230,3cf248,c8,32b060
ntoskrnl_10240-19983.exe,3695a0,3693a0,3691a0,6b2,0,20,50,3cf230,3cf248,c8,32b0c0
ntoskrnl_10240-20048.exe,369520,369320,369120,6b2,0,20,50,3cf230,3cf248,c8,32b060
ntoskrnl_10240-20107.exe,3695a0,3693a0,3691a0,6b2,0,20,50,3cf228,3cf248,c8,32b0a0
ntoskrnl_10240-20161.exe,369560,369360,369160,6b2,0,20,50,3cf228,3cf248,c8,32b060
ntoskrnl_10240-20232.exe,369560,369360,369160,6b2,0,20,50,3cf228,3cf248,c8,32b060
ntoskrnl_10240-20307.exe,369560,369360,369160,6b2,0,20,50,3cf228,3cf248,c8,32b060
ntoskrnl_10586-0.exe,317180,316f80,316d80,6b2,0,20,50,37f228,37f248,c8,2d8d40
ntoskrnl_10586-1176.exe,3161c0,315fc0,315dc0,6b2,0,20,50,37e228,37e248,c8,2d7d00
ntoskrnl_10586-1177.exe,3161c0,315fc0,315dc0,6b2,0,20,50,37e228,37e248,c8,2d7d00
ntoskrnl_10586-1295.exe,3161c0,315fc0,315dc0,6b2,0,20,50,37e228,37e248,c8,2d7d00
ntoskrnl_10586-1356.exe,31a2c0,31a0c0,319ec0,6ba,0,20,50,382228,382248,c8,2dbde0
ntoskrnl_10586-1358.exe,31a2c0,31a0c0,319ec0,6ba,0,20,50,382228,382248,c8,2dbde0
ntoskrnl_10586-1417.exe,31a2c0,31a0c0,319ec0,6ba,0,20,50,382228,382248,c8,2dbde0
ntoskrnl_10586-1478.exe,31a2c0,31a0c0,319ec0,6ba,0,20,50,382228,382248,c8,2dbde0
ntoskrnl_10586-1540.exe,31a300,31a100,319f00,6ba,0,20,50,382228,382248,c8,2dbdc0
ntoskrnl_14393-0.exe,33bba0,33b9a0,33b7a0,6c2,0,20,50,3a8210,3a8230,c8,2ff0a0
ntoskrnl_14393-576.exe,33bca0,33baa0,33b8a0,6c2,0,20,50,3a8210,3a8230,c8,2fefe0
ntoskrnl_14393-726.exe,335860,335660,335460,6c2,0,20,50,3a1210,3a1230,c8,2f9000
ntoskrnl_14393-953.exe,335860,335660,335460,6c2,0,20,50,3a1210,3a1230,c8,2f9000
ntoskrnl_14393-1198.exe,335860,335660,335460,6c2,0,20,50,3a1210,3a1230,c8,2f9000
ntoskrnl_14393-1532.exe,3348a0,3346a0,3344a0,6c2,0,20,50,3a0210,3a0230,c8,2f8000
ntoskrnl_14393-1670.exe,3348a0,3346a0,3344a0,6c2,0,20,50,3a0210,3a0230,c8,2f8000
ntoskrnl_14393-1737.exe,3348a0,3346a0,3344a0,6c2,0,20,50,3a0210,3a0230,c8,2f8000
ntoskrnl_14393-1770.exe,3348a0,3346a0,3344a0,6c2,0,20,50,3a0210,3a0230,c8,2f8000
ntoskrnl_14393-2189.exe,33ea20,33e820,33e620,6ca,0,20,50,3ab210,3ab230,c8,302120
ntoskrnl_14393-2214.exe,33ea20,33e820,33e620,6ca,0,20,50,3ab210,3ab230,c8,302120
ntoskrnl_14393-2248.exe,33da60,33d860,33d660,6ca,0,20,50,3aa250,3aa270,c8,3011a0
ntoskrnl_14393-2273.exe,33da60,33d860,33d660,6ca,0,20,50,3aa250,3aa270,c8,3011a0
ntoskrnl_14393-2312.exe,33ca20,33c820,33c620,6ca,0,20,50,3a9250,3a9278,c8,3000a0
ntoskrnl_14393-2363.exe,33ca20,33c820,33c620,6ca,0,20,50,3a9250,3a9278,c8,3000a0
ntoskrnl_14393-2395.exe,33bb60,33b960,33b760,6ca,0,20,50,3a8250,3a8278,c8,2ff140
ntoskrnl_14393-2430.exe,338b60,338960,338760,6ca,0,20,50,3a5250,3a5278,c8,2fc140
ntoskrnl_14393-2485.exe,338b20,338920,338720,6ca,0,20,50,3a5250,3a5278,c8,2fc180
ntoskrnl_14393-2551.exe,338b20,338920,338720,6ca,0,20,50,3a5250,3a5278,c8,2fc180
ntoskrnl_14393-2580.exe,338b20,338920,338720,6ca,0,20,50,3a5250,3a5278,c8,2fc180
ntoskrnl_14393-2608.exe,338b20,338920,338720,6ca,0,20,50,3a5250,3a5278,c8,2fc0c0
ntoskrnl_14393-2636.exe,338be0,3389e0,3387e0,6ca,0,20,50,3a5250,3a5278,c8,2fc160
ntoskrnl_14393-2665.exe,338be0,3389e0,3387e0,6ca,0,20,50,3a5250,3a5278,c8,2fc160
ntoskrnl_14393-2724.exe,338be0,3389e0,3387e0,6ca,0,20,50,3a5250,3a5278,c8,2fc160
ntoskrnl_14393-2791.exe,338b20,338920,338720,6ca,0,20,50,3a5250,3a5278,c8,2fc1a0
ntoskrnl_14393-2848.exe,338b20,338920,338720,6ca,0,20,50,3a5250,3a5278,c8,2fc1a0
ntoskrnl_14393-2906.exe,338b20,338920,338720,6ca,0,20,50,3a5250,3a5278,c8,2fc1a0
ntoskrnl_14393-2969.exe,339a20,339820,339620,6ca,0,20,50,3a6250,3a6278,c8,2fd060
ntoskrnl_14393-3085.exe,339a20,339820,339620,6ca,0,20,50,3a6250,3a6278,c8,2fd060
ntoskrnl_14393-3115.exe,339a20,339820,339620,6ca,0,20,50,3a6250,3a6278,c8,2fd060
ntoskrnl_14393-3143.exe,339a20,339820,339620,6ca,0,20,50,3a6250,3a6278,c8,2fd060
ntoskrnl_14393-3204.exe,339a20,339820,339620,6ca,0,20,50,3a6250,3a6278,c8,2fcfa0
ntoskrnl_14393-3241.exe,339a60,339860,339660,6ca,0,20,50,3a6250,3a6278,c8,2fd060
ntoskrnl_14393-3269.exe,339a60,339860,339660,6ca,0,20,50,3a6250,3a6278,c8,2fd060
ntoskrnl_14393-3297.exe,339a60,339860,339660,6ca,0,20,50,3a6250,3a6278,c8,2fd060
ntoskrnl_14393-3321.exe,339a60,339860,339660,6ca,0,20,50,3a6250,3a6278,c8,2fd040
ntoskrnl_14393-3383.exe,339a60,339860,339660,6ca,0,20,50,3a6250,3a6278,c8,2fd040
ntoskrnl_14393-3442.exe,339a60,339860,339660,6ca,0,20,50,3a6250,3a6278,c8,2fd040
ntoskrnl_14393-3471.exe,33ae60,33ac60,33aa60,6ca,0,20,50,3a7250,3a7278,c8,2fdf80
ntoskrnl_14393-3503.exe,33aee0,33ace0,33aae0,6ca,0,20,50,3a7250,3a7278,c8,2fe060
ntoskrnl_14393-3541.exe,33aee0,33ace0,33aae0,6ca,0,20,50,3a7250,3a7278,c8,2fe060
ntoskrnl_14393-3564.exe,33aee0,33ace0,33aae0,6ca,0,20,50,3a7250,3a7278,c8,2fe060
ntoskrnl_14393-3595.exe,33aee0,33ace0,33aae0,6ca,0,20,50,3a7250,3a7278,c8,2fe060
ntoskrnl_14393-3630.exe,33aee0,33ace0,33aae0,6ca,0,20,50,3a7250,3a7278,c8,2fe060
ntoskrnl_14393-3659.exe,33aee0,33ace0,33aae0,6ca,0,20,50,3a7250,3a7278,c8,2fe060
ntoskrnl_14393-3686.exe,33aee0,33ace0,33aae0,6ca,0,20,50,3a7250,3a7278,c8,2fe060
ntoskrnl_14393-3750.exe,33aee0,33ace0,33aae0,6ca,0,20,50,3a7250,3a7278,c8,2fe060
ntoskrnl_14393-3755.exe,33aee0,33ace0,33aae0,6ca,0,20,50,3a7250,3a7278,c8,2fe060
ntoskrnl_14393-3808.exe,33aee0,33ace0,33aae0,6ca,0,20,50,3a7250,3a7278,c8,2fe060
ntoskrnl_14393-3866.exe,33ae60,33ac60,33aa60,6ca,0,20,50,3a7250,3a7278,c8,2fe000
ntoskrnl_14393-3930.exe,33aee0,33ace0,33aae0,6ca,0,20,50,3a7250,3a7278,c8,2fe060
ntoskrnl_14393-3986.exe,33aee0,33ace0,33aae0,6ca,0,20,50,3a7250,3a7278,c8,2fe060
ntoskrnl_14393-4046.exe,33aee0,33ace0,33aae0,6ca,0,20,50,3a7250,3a7278,c8,2fe060
ntoskrnl_14393-4104.exe,33aee0,33ace0,33aae0,6ca,0,20,50,3a7250,3a7278,c8,2fe060
ntoskrnl_14393-4169.exe,33aee0,33ace0,33aae0,6ca,0,20,50,3a7250,3a7278,c8,2fe060
ntoskrnl_14393-4225.exe,33aee0,33ace0,33aae0,6ca,0,20,50,3a7250,3a7278,c8,2fe060
ntoskrnl_14393-4283.exe,33aee0,33ace0,33aae0,6ca,0,20,50,3a7250,3a7278,c8,2fe060
ntoskrnl_14393-4350.exe,33aee0,33ace0,33aae0,6ca,0,20,50,3a7250,3a7278,c8,2fe060
ntoskrnl_14393-4402.exe,33aee0,33ace0,33aae0,6ca,0,20,50,3a7250,3a7278,c8,2fe060
ntoskrnl_14393-4467.exe,33aee0,33ace0,33aae0,6ca,0,20,50,3a7250,3a7278,c8,2fe060
ntoskrnl_14393-4470.exe,33aee0,33ace0,33aae0,6ca,0,20,50,3a7250,3a7278,c8,2fe060
ntoskrnl_14393-4530.exe,33ae60,33ac60,33aa60,6ca,0,20,50,3a7250,3a7278,c8,2fe000
ntoskrnl_14393-4583.exe,33ae60,33ac60,33aa60,6ca,0,20,50,3a7250,3a7278,c8,2fe000
ntoskrnl_14393-4651.exe,33ae60,33ac60,33aa60,6ca,0,20,50,3a7250,3a7278,c8,2fe000
ntoskrnl_14393-4704.exe,339e60,339c60,339a60,6ca,0,20,50,3a6250,3a6278,c8,2fd000
ntoskrnl_14393-4770.exe,339e60,339c60,339a60,6ca,0,20,50,3a6250,3a6278,c8,2fd000
ntoskrnl_14393-4825.exe,339e60,339c60,339a60,6ca,0,20,50,3a6250,3a6278,c8,2fd000
ntoskrnl_14393-4827.exe,339e60,339c60,339a60,6ca,0,20,50,3a6250,3a6278,c8,2fd000
ntoskrnl_14393-4886.exe,33ade0,33abe0,33a9e0,6ca,0,20,50,3a7250,3a7278,c8,2fdf60
ntoskrnl_14393-4889.exe,33ade0,33abe0,33a9e0,6ca,0,20,50,3a7250,3a7278,c8,2fdf60
ntoskrnl_14393-4946.exe,33ade0,33abe0,33a9e0,6ca,0,20,50,3a7250,3a7278,c8,2fdf60
ntoskrnl_14393-5006.exe,33ae60,33ac60,33aa60,6ca,0,20,50,3a7250,3a7278,c8,2fe000
ntoskrnl_14393-5066.exe,33ae60,33ac60,33aa60,6ca,0,20,50,3a7250,3a7278,c8,2fe000
ntoskrnl_14393-5125.exe,33ae60,33ac60,33aa60,6ca,0,20,50,3a7250,3a7278,c8,2fe000
ntoskrnl_14393-5192.exe,33ae60,33ac60,33aa60,6ca,0,20,50,3a7250,3a7278,c8,2fe000
ntoskrnl_14393-5246.exe,33ae60,33ac60,33aa60,6ca,0,20,50,3a7258,3a7278,c8,2fe000
ntoskrnl_14393-5291.exe,33aea0,33aca0,33aaa0,6ca,0,20,50,3a7258,3a7278,c8,2fe000
ntoskrnl_14393-5356.exe,33ae60,33ac60,33aa60,6ca,0,20,50,3a7258,3a7278,c8,2fe000
ntoskrnl_14393-5427.exe,33ae60,33ac60,33aa60,6ca,0,20,50,3a7258,3a7278,c8,2fe000
ntoskrnl_14393-5429.exe,33ae60,33ac60,33aa60,6ca,0,20,50,3a7258,3a7278,c8,2fe000
ntoskrnl_14393-5501.exe,33dde0,33dbe0,33d9e0,6ca,0,20,50,3aa250,3aa278,c8,300f60
ntoskrnl_14393-5582.exe,33dee0,33dce0,33dae0,6ca,0,20,50,3aa250,3aa278,c8,301040
ntoskrnl_14393-5648.exe,33cee0,33cce0,33cae0,6ca,0,20,50,3a9250,3a9278,c8,300040
ntoskrnl_14393-5717.exe,33cea0,33cca0,33caa0,6ca,0,20,50,3a9250,3a9278,c8,300040
ntoskrnl_14393-5786.exe,33cde0,33cbe0,33c9e0,6ca,0,20,50,3a9250,3a9278,c8,2fff60
ntoskrnl_14393-5850.exe,33cee0,33cce0,33cae0,6ca,0,20,50,3a9250,3a9278,c8,300080
ntoskrnl_14393-5921.exe,33ce20,33cc20,33ca20,6ca,0,20,50,3a9250,3a9278,c8,2fffa0
ntoskrnl_14393-5996.exe,33cf20,33cd20,33cb20,6ca,0,20,50,3a9250,3a9278,c8,300080
ntoskrnl_14393-6085.exe,33cea0,33cca0,33caa0,6ca,0,20,50,3a9250,3a9278,c8,300020
ntoskrnl_14393-6167.exe,33ce60,33cc60,33ca60,6ca,0,20,50,3a9250,3a9278,c8,300020
ntoskrnl_14393-6451.exe,33cea0,33cca0,33caa0,6ca,0,20,50,3a9250,3a9278,c8,300040
ntoskrnl_15063-0.exe,382290,382090,381e90,6ca,341ea8,20,50,3e1f98,3e1fb0,c8,345be0
ntoskrnl_15063-13.exe,382290,382090,381e90,6ca,341ea8,20,50,3e1f98,3e1fb0,c8,345be0
ntoskrnl_15063-296.exe,382290,382090,381e90,6ca,341ea8,20,50,3e1f98,3e1fb0,c8,345be0
ntoskrnl_15063-674.exe,3822d0,3820d0,381ed0,6ca,341e88,20,50,3e1f98,3e1fb0,c8,345bc0
ntoskrnl_15063-675.exe,3822d0,3820d0,381ed0,6ca,341e88,20,50,3e1f98,3e1fb0,c8,345bc0
ntoskrnl_15063-786.exe,382310,382110,381f10,6ca,341ec8,20,50,3e1f98,3e1fb0,c8,345c40
ntoskrnl_15063-850.exe,389450,389250,389050,6ca,348fb8,20,50,3e7f98,3e7fb0,c8,34cd00
ntoskrnl_15063-909.exe,389510,389310,389110,6ca,348fa8,20,50,3e7f98,3e7fb0,c8,34cd20
ntoskrnl_15063-966.exe,389550,389350,389150,6ca,348fa8,20,50,3e7f98,3e7fb0,c8,34cd20
ntoskrnl_15063-1029.exe,389550,389350,389150,6ca,348fa8,20,50,3e7f98,3e7fb0,c8,34cd20
ntoskrnl_15063-1088.exe,3894d0,3892d0,3890d0,6ca,348fb8,20,50,3e7f98,3e7fb0,c8,34cd00
ntoskrnl_15063-1155.exe,387510,387310,387110,6ca,346f68,20,50,3e5f98,3e5fb8,c8,34ace0
ntoskrnl_15063-1206.exe,387510,387310,387110,6ca,346f68,20,50,3e5f98,3e5fb8,c8,34ace0
ntoskrnl_15063-1266.exe,384410,384210,384010,6ca,343f48,20,50,3e2f98,3e2fb8,c8,347c80
ntoskrnl_15063-1324.exe,385490,385290,385090,6ca,344f88,20,50,3e3f98,3e3fb8,c8,348d00
ntoskrnl_15063-1387.exe,385490,385290,385090,6ca,344f98,20,50,3e3f98,3e3fb8,c8,348ce0
ntoskrnl_15063-1418.exe,385490,385290,385090,6ca,344f98,20,50,3e3f98,3e3fb8,c8,348ce0
ntoskrnl_15063-1446.exe,385490,385290,385090,6ca,344fa8,20,50,3e3f98,3e3fb8,c8,348d20
ntoskrnl_15063-1478.exe,385450,385250,385050,6ca,344f68,20,50,3e3f98,3e3fb8,c8,348ca0
ntoskrnl_15063-1506.exe,385450,385250,385050,6ca,344f68,20,50,3e3f98,3e3fb8,c8,348ca0
ntoskrnl_15063-1563.exe,385450,385250,385050,6ca,344f68,20,50,3e3f98,3e3fb8,c8,348ca0
ntoskrnl_15063-1596.exe,385450,385250,385050,6ca,344f68,20,50,3e3f98,3e3fb8,c8,348ca0
ntoskrnl_15063-1631.exe,385450,385250,385050,6ca,344f68,20,50,3e3f98,3e3fb8,c8,348ca0
ntoskrnl_15063-1659.exe,3854d0,3852d0,3850d0,6ca,344fd8,20,50,3e3f98,3e3fb8,c8,348d20
ntoskrnl_15063-1689.exe,3854d0,3852d0,3850d0,6ca,344fd8,20,50,3e3f98,3e3fb8,c8,348d20
ntoskrnl_15063-1716.exe,3854d0,3852d0,3850d0,6ca,344fd8,20,50,3e3f98,3e3fb8,c8,348d20
ntoskrnl_15063-1746.exe,3854d0,3852d0,3850d0,6ca,344fd8,20,50,3e3f98,3e3fb8,c8,348d20
ntoskrnl_15063-1779.exe,3854d0,3852d0,3850d0,6ca,344fd8,20,50,3e3f98,3e3fb8,c8,348d20
ntoskrnl_15063-1805.exe,3853d0,3851d0,384fd0,6ca,344e78,20,50,3e3f98,3e3fb8,c8,348bc0
ntoskrnl_15063-1836.exe,3853d0,3851d0,384fd0,6ca,344e78,20,50,3e3f98,3e3fb8,c8,348bc0
ntoskrnl_15063-1897.exe,385450,385250,385050,6ca,344e48,20,50,3e3f98,3e3fb8,c8,348bc0
ntoskrnl_15063-1928.exe,385450,385250,385050,6ca,344e48,20,50,3e3f98,3e3fb8,c8,348bc0
ntoskrnl_15063-1955.exe,385450,385250,385050,6ca,344e48,20,50,3e3f98,3e3fb8,c8,348bc0
ntoskrnl_15063-1987.exe,385450,385250,385050,6ca,344e48,20,50,3e3f98,3e3fb8,c8,348bc0
ntoskrnl_15063-2017.exe,385450,385250,385050,6ca,344e48,20,50,3e3f98,3e3fb8,c8,348bc0
ntoskrnl_15063-2045.exe,385350,385150,384f50,6ca,344e48,20,50,3e3f98,3e3fb8,c8,348b80
ntoskrnl_15063-2076.exe,385350,385150,384f50,6ca,344e48,20,50,3e3f98,3e3fb8,c8,348b80
ntoskrnl_15063-2106.exe,385350,385150,384f50,6ca,344e48,20,50,3e3f98,3e3fb8,c8,348b80
ntoskrnl_15063-2283.exe,385410,385210,385010,6ca,344e68,20,50,3e3f98,3e3fb8,c8,348be0
ntoskrnl_15063-2411.exe,385410,385210,385010,6ca,344e68,20,50,3e3f98,3e3fb8,c8,348be0
ntoskrnl_15063-2500.exe,3853d0,3851d0,384fd0,6ca,344e48,20,50,3e3f98,3e3fb8,c8,348b80
ntoskrnl_16299-15.exe,398c80,398e80,398a80,6ca,356908,20,50,3f90d0,3f90f0,c8,35a540
ntoskrnl_16299-19.exe,398c80,398e80,398a80,6ca,3568e8,20,50,3f90d0,3f90f0,c8,35a520
ntoskrnl_16299-64.exe,398c40,398e40,398a40,6ca,3568e8,20,50,3f90d0,3f90f0,c8,35a520
ntoskrnl_16299-98.exe,398ec0,398ac0,398cc0,6ca,356980,20,50,3f90d0,3f90f0,c8,35a600
ntoskrnl_16299-125.exe,398a80,398c80,398e80,6ca,356980,20,50,3f90d0,3f90f0,c8,35a600
ntoskrnl_16299-192.exe,39dd40,39df40,39db40,6ca,35b980,20,50,3fd0d0,3fd0f0,c8,35f5a0
ntoskrnl_16299-214.exe,39ddc0,39dfc0,39dbc0,6ca,35b980,20,50,3fe0d0,3fe0f0,c8,35f5a0
ntoskrnl_16299-248.exe,39e100,39dd00,39df00,6ca,35bac8,20,50,3fe0d0,3fe0f0,c8,35f6e0
ntoskrnl_16299-251.exe,39e100,39dd00,39df00,6ca,35bac8,20,50,3fe0d0,3fe0f0,c8,35f6e0
ntoskrnl_16299-309.exe,39e0c0,39dcc0,39dec0,6ca,35bae8,20,50,3fe0d0,3fe0f0,c8,35f700
ntoskrnl_16299-334.exe,39e0c0,39dcc0,39dec0,6ca,35bac8,20,50,3fe0d0,3fe0f0,c8,35f6e0
ntoskrnl_16299-371.exe,39ce40,39d040,39cc40,6ca,35aa00,20,50,3fd0d0,3fd0f0,c8,35e620
ntoskrnl_16299-402.exe,39d0c0,39ccc0,39cec0,6ca,35aaa8,20,50,3fd0d0,3fd0f0,c8,35e6e0
ntoskrnl_16299-431.exe,39ce00,39d000,39cc00,6ca,35aa00,20,50,3fd0d0,3fd0f0,c8,35e620
ntoskrnl_16299-461.exe,39d080,39cc80,39ce80,6ca,35aa88,20,50,3fd0d0,3fd0f0,c8,35e6a0
ntoskrnl_16299-492.exe,39b080,39ac80,39ae80,6ca,358aa8,20,50,3fb0d0,3fb0f8,c8,35c6c0
ntoskrnl_16299-522.exe,3a2f00,3a3100,3a2d00,6ca,360ac0,20,50,4030d0,4030f8,c8,364720
ntoskrnl_16299-547.exe,3a2f00,3a3100,3a2d00,6ca,360ac0,20,50,4030d0,4030f8,c8,364720
ntoskrnl_16299-551.exe,3a2f00,3a3100,3a2d00,6ca,360ac0,20,50,4030d0,4030f8,c8,364720
ntoskrnl_16299-579.exe,3a2f00,3a3100,3a2d00,6ca,360ac0,20,50,4030d0,4030f8,c8,364720
ntoskrnl_16299-611.exe,39fe00,3a0000,39fc00,6ca,35d9e0,20,50,4000d0,4000f8,c8,361600
ntoskrnl_16299-637.exe,39fe00,3a0000,39fc00,6ca,35d9e0,20,50,4000d0,4000f8,c8,361600
ntoskrnl_16299-665.exe,39fe80,3a0080,39fc80,6ca,35dac0,20,50,4000d0,4000f8,c8,361720
ntoskrnl_16299-666.exe,39fe80,3a0080,39fc80,6ca,35dac0,20,50,4000d0,4000f8,c8,361720
ntoskrnl_16299-699.exe,39fdc0,39ffc0,39fbc0,6ca,35da00,20,50,4000d0,4000f8,c8,361620
ntoskrnl_16299-726.exe,39fdc0,39ffc0,39fbc0,6ca,35da00,20,50,4000d0,4000f8,c8,361620
ntoskrnl_16299-755.exe,3a0080,39fc80,39fe80,6ca,35da88,20,50,4000d0,4000f8,c8,3616a0
ntoskrnl_16299-785.exe,39fec0,3a00c0,39fcc0,6ca,35dac0,20,50,4000d0,4000f8,c8,361720
ntoskrnl_16299-820.exe,39fec0,3a00c0,39fcc0,6ca,35dac0,20,50,4000d0,4000f8,c8,361720
ntoskrnl_16299-846.exe,39fec0,3a00c0,39fcc0,6ca,35dac0,20,50,4000d0,4000f8,c8,361720
ntoskrnl_16299-904.exe,39fec0,3a00c0,39fcc0,6ca,35dac0,20,50,4000d0,4000f8,c8,361720
ntoskrnl_16299-936.exe,39fec0,3a00c0,39fcc0,6ca,35dac0,20,50,4000d0,4000f8,c8,361720
ntoskrnl_16299-967.exe,39fec0,3a00c0,39fcc0,6ca,35dac0,20,50,4000d0,4000f8,c8,361720
ntoskrnl_16299-1004.exe,39fec0,3a00c0,39fcc0,6ca,35dac0,20,50,4000d0,4000f8,c8,361720
ntoskrnl_16299-1029.exe,39ff00,3a0100,39fd00,6ca,35dac0,20,50,4000d0,4000f8,c8,361740
ntoskrnl_16299-1059.exe,39ff00,3a0100,39fd00,6ca,35dac0,20,50,4000d0,4000f8,c8,361740
ntoskrnl_16299-1087.exe,39ff00,3a0100,39fd00,6ca,35dac0,20,50,4000d0,4000f8,c8,361740
ntoskrnl_16299-1120.exe,39ff00,3a0100,39fd00,6ca,35dac0,20,50,4000d0,4000f8,c8,361740
ntoskrnl_16299-1146.exe,3a0d00,3a0f00,3a0b00,6ca,35e8a0,20,50,4000d0,4000f8,c8,3624c0
ntoskrnl_16299-1182.exe,3a0d00,3a0f00,3a0b00,6ca,35e8a0,20,50,4000d0,4000f8,c8,3624c0
ntoskrnl_16299-1217.exe,3a1000,3a0c00,3a0e00,6ca,35e968,20,50,4010d0,4010f8,c8,3625a0
ntoskrnl_16299-1237.exe,3a1000,3a0c00,3a0e00,6ca,35e968,20,50,4010d0,4010f8,c8,3625a0
ntoskrnl_16299-1296.exe,3a1000,3a0c00,3a0e00,6ca,35e968,20,50,4010d0,4010f8,c8,3625a0
ntoskrnl_16299-1331.exe,3a1000,3a0c00,3a0e00,6ca,35e968,20,50,4010d0,4010f8,c8,3625a0
ntoskrnl_16299-1364.exe,3a1000,3a0c00,3a0e00,6ca,35e968,20,50,4010d0,4010f8,c8,3625a0
ntoskrnl_16299-1387.exe,3a0e80,3a1080,3a0c80,6ca,35e960,20,50,4010d0,4010f8,c8,3625e0
ntoskrnl_16299-1419.exe,3a1040,3a0c40,3a0e40,6ca,35e988,20,50,4010d0,4010f8,c8,3625e0
ntoskrnl_16299-1448.exe,3a1040,3a0c40,3a0e40,6ca,35e988,20,50,4010d0,4010f8,c8,3625e0
ntoskrnl_16299-1480.exe,3a1040,3a0c40,3a0e40,6ca,35e988,20,50,4010d0,4010f8,c8,3625e0
ntoskrnl_16299-1622.exe,3a0fc0,3a0bc0,3a0dc0,6ca,35e988,20,50,4010d0,4010f8,c8,3625e0
ntoskrnl_16299-1653.exe,3a0fc0,3a0bc0,3a0dc0,6ca,35e988,20,50,4010d0,4010f8,c8,3625e0
ntoskrnl_16299-1715.exe,3a0cc0,3a0ec0,3a0ac0,6ca,35e8c0,20,50,4000d0,4000f8,c8,3624e0
ntoskrnl_16299-1747.exe,3a0cc0,3a0ec0,3a0ac0,6ca,35e8c0,20,50,4000d0,4000f8,c8,3624e0
ntoskrnl_16299-1775.exe,3a0cc0,3a0ec0,3a0ac0,6ca,35e8c0,20,50,4000d0,4000f8,c8,3624e0
ntoskrnl_16299-1776.exe,3a0cc0,3a0ec0,3a0ac0,6ca,35e8c0,20,50,4000d0,4000f8,c8,3624e0
ntoskrnl_16299-1937.exe,3a0cc0,3a0ec0,3a0ac0,6ca,35e8c0,20,50,4000d0,4000f8,c8,3624e0
ntoskrnl_16299-1992.exe,3a0cc0,3a0ec0,3a0ac0,6ca,35e8c0,20,50,4000d0,4000f8,c8,3624e0
ntoskrnl_16299-2045.exe,3a1100,3a0d00,3a0f00,6ca,35e988,20,50,4010d0,4010f8,c8,362620
ntoskrnl_16299-2166.exe,3a1100,3a0d00,3a0f00,6ca,35e988,20,50,4010d0,4010f8,c8,362620
ntoskrnl_17134-1.exe,3f4ef0,3f50f0,3f4cf0,6ca,3b2120,20,50,45e250,45e270,c8,3b5dc0
ntoskrnl_17134-48.exe,3f5030,3f4c30,3f4e30,6ca,3b20e8,20,50,45e250,45e270,c8,3b5d20
ntoskrnl_17134-81.exe,3f4f30,3f5130,3f4d30,6ca,3b2120,20,50,45e250,45e270,c8,3b5de0
ntoskrnl_17134-83.exe,3f4f30,3f5130,3f4d30,6ca,3b2120,20,50,45e250,45e270,c8,3b5de0
ntoskrnl_17134-112.exe,3f1e30,3f2030,3f1c30,6ca,3af088,20,50,45b250,45b278,c8,3b2d40
ntoskrnl_17134-137.exe,3f1e30,3f2030,3f1c30,6ca,3af088,20,50,45b250,45b278,c8,3b2d40
ntoskrnl_17134-165.exe,3f1e30,3f2030,3f1c30,6ca,3af088,20,50,45b250,45b278,c8,3b2d40
ntoskrnl_17134-167.exe,3f1e30,3f2030,3f1c30,6ca,3af088,20,50,45b250,45b278,c8,3b2d40
ntoskrnl_17134-191.exe,3f2e30,3f3030,3f2c30,6ca,3b0088,20,50,45c250,45c278,c8,3b3d40
ntoskrnl_17134-228.exe,3e5ff0,3e5bf0,3e5df0,6ca,3a3108,20,50,44e250,44e278,c8,3a6d20
ntoskrnl_17134-254.exe,3e5ff0,3e5bf0,3e5df0,6ca,3a3108,20,50,44e250,44e278,c8,3a6d20
ntoskrnl_17134-285.exe,3e6030,3e5c30,3e5e30,6ca,3a3100,20,50,44e250,44e278,c8,3a6d80
ntoskrnl_17134-286.exe,3e6030,3e5c30,3e5e30,6ca,3a3100,20,50,44e250,44e278,c8,3a6d80
ntoskrnl_17134-320.exe,3e5eb0,3e60b0,3e5cb0,6ca,3a3120,20,50,44e250,44e278,c8,3a6de0
ntoskrnl_17134-345.exe,3e5eb0,3e60b0,3e5cb0,6ca,3a3160,20,50,44e250,44e278,c8,3a6d80
ntoskrnl_17134-376.exe,3e5fb0,3e5bb0,3e5db0,6ca,3a3108,20,50,44e250,44e278,c8,3a6d20
ntoskrnl_17134-407.exe,3e5f30,3e5b30,3e5d30,6ca,3a3108,20,50,44e250,44e278,c8,3a6d40
ntoskrnl_17134-471.exe,3e5fb0,3e5bb0,3e5db0,6ca,3a3108,20,50,44e250,44e278,c8,3a6d20
ntoskrnl_17134-472.exe,3e5fb0,3e5bb0,3e5db0,6ca,3a3108,20,50,44e250,44e278,c8,3a6d20
ntoskrnl_17134-523.exe,3e5fb0,3e5bb0,3e5db0,6ca,3a3108,20,50,44e250,44e278,c8,3a6d20
ntoskrnl_17134-556.exe,3e5fb0,3e5bb0,3e5db0,6ca,3a3108,20,50,44e250,44e278,c8,3a6d20
ntoskrnl_17134-590.exe,3e5fb0,3e5bb0,3e5db0,6ca,3a3108,20,50,44e250,44e278,c8,3a6d20
ntoskrnl_17134-619.exe,3e5fb0,3e5bb0,3e5db0,6ca,3a3108,20,50,44e250,44e278,c8,3a6d20
ntoskrnl_17134-648.exe,3e5fb0,3e5bb0,3e5db0,6ca,3a3108,20,50,44e250,44e278,c8,3a6d20
ntoskrnl_17134-677.exe,3e4eb0,3e50b0,3e4cb0,6ca,3a2160,20,50,44d250,44d278,c8,3a5da0
ntoskrnl_17134-706.exe,3e4eb0,3e50b0,3e4cb0,6ca,3a2160,20,50,44d250,44d278,c8,3a5da0
ntoskrnl_17134-753.exe,3e4eb0,3e50b0,3e4cb0,6ca,3a2160,20,50,44d250,44d278,c8,3a5da0
ntoskrnl_17134-765.exe,3e4ef0,3e4af0,3e4cf0,6ca,3a1f48,20,50,44d250,44d278,c8,3a5c00
ntoskrnl_17134-766.exe,3e4ef0,3e4af0,3e4cf0,6ca,3a1f48,20,50,44d250,44d278,c8,3a5c00
ntoskrnl_17134-799.exe,3e4f30,3e4b30,3e4d30,6ca,3a1f68,20,50,44d250,44d278,c8,3a5c20
ntoskrnl_17134-829.exe,3e4f30,3e4b30,3e4d30,6ca,3a1f68,20,50,44d250,44d278,c8,3a5c20
ntoskrnl_17134-858.exe,3e4f30,3e4b30,3e4d30,6ca,3a1f68,20,50,44d250,44d278,c8,3a5c20
ntoskrnl_17134-885.exe,3e4f30,3e4b30,3e4d30,6ca,3a1f68,20,50,44d250,44d278,c8,3a5c20
ntoskrnl_17134-915.exe,3e4d70,3e4f70,3e4b70,6ca,3a1fa8,20,50,44d250,44d278,c8,3a5c00
ntoskrnl_17134-950.exe,3e4d70,3e4f70,3e4b70,6ca,3a1fa8,20,50,44d250,44d278,c8,3a5c00
ntoskrnl_17134-982.exe,3e4f30,3e4b30,3e4d30,6ca,3a1fd0,20,50,44d250,44d278,c8,3a5c60
ntoskrnl_17134-1006.exe,3e4ef0,3e4af0,3e4cf0,6ca,3a1fc8,20,50,44d250,44d278,c8,3a5c00
ntoskrnl_17134-1038.exe,3e4db0,3e4fb0,3e4bb0,6ca,3a1fe0,20,50,44d250,44d278,c8,3a5ca0
ntoskrnl_17134-1067.exe,3e4f70,3e4b70,3e4d70,6ca,3a1fb0,20,50,44d250,44d278,c8,3a5c40
ntoskrnl_17134-1098.exe,3e4f70,3e4b70,3e4d70,6ca,3a1fb0,20,50,44d250,44d278,c8,3a5c40
ntoskrnl_17134-1130.exe,3e4fb0,3e4bb0,3e4db0,6ca,3a1fb0,20,50,44d250,44d278,c8,3a5c40
ntoskrnl_17134-1184.exe,3e4fb0,3e4bb0,3e4db0,6ca,3a1fb0,20,50,44d250,44d278,c8,3a5c40
ntoskrnl_17134-1246.exe,3e4fb0,3e4bb0,3e4db0,6ca,3a1fb0,20,50,44d250,44d278,c8,3a5c40
ntoskrnl_17134-1276.exe,3e4fb0,3e4bb0,3e4db0,6ca,3a1fb0,20,50,44d250,44d278,c8,3a5c40
ntoskrnl_17134-1304.exe,3e4ef0,3e4af0,3e4cf0,6ca,3a1fe8,20,50,44d250,44d278,c8,3a5c00
ntoskrnl_17134-1345.exe,3e4db0,3e4fb0,3e4bb0,6ca,3a1fe0,20,50,44d250,44d278,c8,3a5c60
ntoskrnl_17134-1365.exe,3e4e30,3e5030,3e4c30,6ca,3a2000,20,50,44d250,44d278,c8,3a5ce0
ntoskrnl_17134-1399.exe,3e4e30,3e5030,3e4c30,6ca,3a2000,20,50,44d250,44d278,c8,3a5ce0
ntoskrnl_17134-1401.exe,3e4e30,3e5030,3e4c30,6ca,3a2000,20,50,44d250,44d278,c8,3a5ce0
ntoskrnl_17134-1425.exe,3e4e30,3e5030,3e4c30,6ca,3a2000,20,50,44d250,44d278,c8,3a5ce0
ntoskrnl_17134-1456.exe,3e4db0,3e4fb0,3e4bb0,6ca,3a1fe0,20,50,44c250,44c278,c8,3a5c60
ntoskrnl_17134-1488.exe,3e4db0,3e4fb0,3e4bb0,6ca,3a1fe0,20,50,44c250,44c278,c8,3a5c60
ntoskrnl_17134-1550.exe,3e4db0,3e4fb0,3e4bb0,6ca,3a1fe0,20,50,44c250,44c278,c8,3a5c60
ntoskrnl_17134-1553.exe,3e4db0,3e4fb0,3e4bb0,6ca,3a1fe0,20,50,44c250,44c278,c8,3a5c60
ntoskrnl_17134-1610.exe,3e4db0,3e4fb0,3e4bb0,6ca,3a1fe0,20,50,44c250,44c278,c8,3a5c60
ntoskrnl_17134-1667.exe,3e4ff0,3e4bf0,3e4df0,6ca,3a1f88,20,50,44c250,44c278,c8,3a5c80
ntoskrnl_17134-1726.exe,3e4ff0,3e4bf0,3e4df0,6ca,3a1f88,20,50,44c250,44c278,c8,3a5c80
ntoskrnl_17134-1792.exe,3e4f70,3e4b70,3e4d70,6ca,3a1fd0,20,50,44c250,44c278,c8,3a5ca0
ntoskrnl_17134-1845.exe,3e4f70,3e4b70,3e4d70,6ca,3a1fd0,20,50,44c250,44c278,c8,3a5ca0
ntoskrnl_17134-1902.exe,3e4f70,3e4b70,3e4d70,6ca,3a1fd0,20,50,44c250,44c278,c8,3a5ca0
ntoskrnl_17134-1967.exe,3e4f70,3e4b70,3e4d70,6ca,3a1fd0,20,50,44c250,44c278,c8,3a5ca0
ntoskrnl_17134-2026.exe,3e4f70,3e4b70,3e4d70,6ca,3a1fd0,20,50,44c250,44c278,c8,3a5ca0
ntoskrnl_17134-2087.exe,3e4f70,3e4b70,3e4d70,6ca,3a1fd0,20,50,44c250,44c278,c8,3a5ca0
ntoskrnl_17134-2145.exe,3e4f70,3e4b70,3e4d70,6ca,3a1f88,20,50,44c250,44c278,c8,3a5c80
ntoskrnl_17134-2208.exe,3e4f70,3e4b70,3e4d70,6ca,3a1f88,20,50,44c250,44c278,c8,3a5c80
ntoskrnl_17763-1.exe,45c4b0,45c0b0,45c2b0,6ca,40f038,20,50,4c52d0,4c52f8,c8,412f20
ntoskrnl_17763-55.exe,45c4f0,45c0f0,45c2f0,6ca,40f098,20,50,4c52d0,4c52f8,c8,412f60
ntoskrnl_17763-107.exe,45c430,45c030,45c230,6ca,40f018,20,50,4c52d0,4c52f8,c8,412ea0
ntoskrnl_17763-134.exe,45c430,45c030,45c230,6ca,40efd8,20,50,4c52d0,4c52f8,c8,412e80
ntoskrnl_17763-168.exe,4dad70,4da970,4dab70,6ca,40b078,20,50,5442d0,5442f8,c8,40ef40
ntoskrnl_17763-194.exe,4d9d70,4d9970,4d9b70,6ca,40a038,20,50,5422d0,5422f8,c8,40df20
ntoskrnl_17763-195.exe,4d9d70,4d9970,4d9b70,6ca,40a038,20,50,5422d0,5422f8,c8,40df20
ntoskrnl_17763-253.exe,4d9d70,4d9970,4d9b70,6ca,40a038,20,50,5422d0,5422f8,c8,40df20
ntoskrnl_17763-292.exe,4daaf0,4dacf0,4da8f0,6ca,40b078,20,50,5432d0,5432f8,c8,40ef20
ntoskrnl_17763-316.exe,4daaf0,4dacf0,4da8f0,6ca,40b078,20,50,5432d0,5432f8,c8,40ef20
ntoskrnl_17763-348.exe,4dabb0,4da7b0,4da9b0,6ca,40afb8,20,50,5432d0,5432f8,c8,40ee80
ntoskrnl_17763-379.exe,4dabf0,4da7f0,4da9f0,6ca,40aff8,20,50,5432d0,5432f8,c8,40eee0
ntoskrnl_17763-404.exe,4dad70,4da970,4dab70,6ca,40b718,20,50,5432d0,5432f8,c8,40ef60
ntoskrnl_17763-437.exe,4dad70,4da970,4dab70,6ca,40b718,20,50,5432d0,5432f8,c8,40ef60
ntoskrnl_17763-439.exe,4dad70,4da970,4dab70,6ca,40b718,20,50,5432d0,5432f8,c8,40ef60
ntoskrnl_17763-475.exe,4daaf0,4dacf0,4da8f0,6ca,40b730,20,50,5432d0,5432f8,c8,40ef60
ntoskrnl_17763-503.exe,4da9b0,4dabb0,4da7b0,6ca,40b598,20,50,5432d0,5432f8,c8,40ede0
ntoskrnl_17763-504.exe,4da9b0,4dabb0,4da7b0,6ca,40b598,20,50,5432d0,5432f8,c8,40ede0
ntoskrnl_17763-529.exe,4da9b0,4dabb0,4da7b0,6ca,40b598,20,50,5432d0,5432f8,c8,40ede0
ntoskrnl_17763-557.exe,4da9b0,4dabb0,4da7b0,6ca,40b598,20,50,5432d0,5432f8,c8,40ede0
ntoskrnl_17763-593.exe,4dac70,4da870,4daa70,6ca,40b610,20,50,5432d0,5432f8,c8,40ee40
ntoskrnl_17763-615.exe,4dac70,4da870,4daa70,6ca,40b610,20,50,5432d0,5432f8,c8,40ee40
ntoskrnl_17763-652.exe,4dabf0,4da7f0,4da9f0,6ca,40b5f0,20,50,5432d0,5432f8,c8,40ee20
ntoskrnl_17763-678.exe,4dac30,4da830,4daa30,6ca,40b610,20,50,5432d0,5432f8,c8,40ee40
ntoskrnl_17763-719.exe,4daa30,4dac30,4da830,6ca,40b658,20,50,5432d0,5432f8,c8,40ee40
ntoskrnl_17763-737.exe,4da9f0,4dabf0,4da7f0,6ca,40b5d8,20,50,5432d0,5432f8,c8,40ee20
ntoskrnl_17763-771.exe,4dac70,4da870,4daa70,6ca,40b630,20,50,5432d0,5432f8,c8,40ee60
ntoskrnl_17763-802.exe,4dacb0,4da8b0,4daab0,6ca,40b6c0,20,50,5432d0,5432f8,c8,40ee80
ntoskrnl_17763-831.exe,4d8c70,4d8870,4d8a70,6ca,409610,20,50,5412d0,5412f8,c8,40ce40
ntoskrnl_17763-864.exe,4d8b70,4d8d70,4d8970,6ca,409698,20,50,5412d0,5412f8,c8,40cee0
ntoskrnl_17763-914.exe,4d8b70,4d8d70,4d8970,6ca,409698,20,50,5412d0,5412f8,c8,40cee0
ntoskrnl_17763-973.exe,4d8b70,4d8d70,4d8970,6ca,409698,20,50,5412d0,5412f8,c8,40cee0
ntoskrnl_17763-1007.exe,4d8c30,4d8830,4d8a30,6ca,4096a0,20,50,5412d0,5412f8,c8,40ce60
ntoskrnl_17763-1039.exe,4d8b30,4d8d30,4d8930,6ca,409698,20,50,5412d0,5412f8,c8,40cee0
ntoskrnl_17763-1075.exe,4d9d30,4d9930,4d9b30,6ca,40a650,20,60,5422d0,5422f8,c8,40de80
ntoskrnl_17763-1098.exe,4d9d30,4d9930,4d9b30,6ca,40a670,20,60,5422d0,5422f8,c8,40dea0
ntoskrnl_17763-1131.exe,4d9af0,4d9cf0,4d98f0,6ca,40a678,20,60,5422d0,5422f8,c8,40dec0
ntoskrnl_17763-1132.exe,4d9af0,4d9cf0,4d98f0,6ca,40a678,20,60,5422d0,5422f8,c8,40dec0
ntoskrnl_17763-1158.exe,4d9af0,4d9cf0,4d98f0,6ca,40a678,20,60,5422d0,5422f8,c8,40dec0
ntoskrnl_17763-1192.exe,4d9d30,4d9930,4d9b30,6ca,40a670,20,60,5422d0,5422f8,c8,40dea0
ntoskrnl_17763-1217.exe,4d9d30,4d9930,4d9b30,6ca,40a670,20,60,5422d0,5422f8,c8,40dea0
ntoskrnl_17763-1282.exe,4d9d70,4d9970,4d9b70,6ca,40a6b0,20,60,5422d0,5422f8,c8,40dee0
ntoskrnl_17763-1294.exe,4d9d70,4d9970,4d9b70,6ca,40a6b0,20,60,5422d0,5422f8,c8,40dee0
ntoskrnl_17763-1339.exe,4d9d70,4d9970,4d9b70,6ca,40a6b0,20,60,5422d0,5422f8,c8,40dee0
ntoskrnl_17763-1369.exe,4d9d70,4d9970,4d9b70,6ca,40a6b0,20,60,5422d0,5422f8,c8,40dee0
ntoskrnl_17763-1397.exe,4d9bf0,4d97f0,4d99f0,6ca,40a6c0,20,60,5422d0,5422f8,c8,40de80
ntoskrnl_17763-1432.exe,4d7b30,4d7d30,4d7930,6ca,408698,20,60,5402d0,5402f8,c8,40bee0
ntoskrnl_17763-1457.exe,4d7b30,4d7d30,4d7930,6ca,408698,20,60,5402d0,5402f8,c8,40bee0
ntoskrnl_17763-1490.exe,4d5b70,4d5d70,4d5970,6ca,4066d8,20,60,53e2d0,53e2f8,c8,409f20
ntoskrnl_17763-1518.exe,4d5b30,4d5d30,4d5930,6ca,406698,20,60,53e2d0,53e2f8,c8,409ee0
ntoskrnl_17763-1554.exe,4d5cf0,4d58f0,4d5af0,6ca,406630,20,60,53e2d0,53e2f8,c8,409e60
ntoskrnl_17763-1577.exe,4d5cf0,4d58f0,4d5af0,6ca,406630,20,60,53e2d0,53e2f8,c8,409e60
ntoskrnl_17763-1613.exe,4d5cf0,4d58f0,4d5af0,6ca,406630,20,60,53e2d0,53e2f8,c8,409e60
ntoskrnl_17763-1637.exe,4d5cf0,4d58f0,4d5af0,6ca,406630,20,60,53e2d0,53e2f8,c8,409e60
ntoskrnl_17763-1697.exe,4d5cf0,4d58f0,4d5af0,6ca,406630,20,60,53e2d0,53e2f8,c8,409e60
ntoskrnl_17763-1728.exe,4d5cf0,4d58f0,4d5af0,6ca,406630,20,60,53e2d0,53e2f8,c8,409e60
ntoskrnl_17763-1757.exe,4d5b70,4d5d70,4d5970,6ca,4066d8,20,60,53e2d0,53e2f8,c8,409f20
ntoskrnl_17763-1790.exe,4d5b70,4d5d70,4d5970,6ca,4066d8,20,60,53e2d0,53e2f8,c8,409f20
ntoskrnl_17763-1817.exe,4d5b70,4d5d70,4d5970,6ca,4066d8,20,60,53e2d0,53e2f8,c8,409f20
ntoskrnl_17763-1821.exe,4d5b70,4d5d70,4d5970,6ca,4066d8,20,60,53e2d0,53e2f8,c8,409f20
ntoskrnl_17763-1823.exe,4d5b70,4d5d70,4d5970,6ca,4066d8,20,60,53e2d0,53e2f8,c8,409f20
ntoskrnl_17763-1852.exe,4d5bf0,4d57f0,4d59f0,6ca,4066c0,20,60,53e2d0,53e2f8,c8,409e80
ntoskrnl_17763-1879.exe,4d5bf0,4d57f0,4d59f0,6ca,4066c0,20,60,53e2d0,53e2f8,c8,409e80
ntoskrnl_17763-1911.exe,4d6870,4d6a70,4d6670,6ca,407498,20,60,53f2d0,53f2f8,c8,40ac80
ntoskrnl_17763-1935.exe,4d6870,4d6a70,4d6670,6ca,407498,20,60,53f2d0,53f2f8,c8,40ac80
ntoskrnl_17763-1971.exe,4d6bb0,4d67b0,4d69b0,6ca,407498,20,60,53f2d0,53f2f8,c8,40ace0
ntoskrnl_17763-1999.exe,4d6bb0,4d67b0,4d69b0,6ca,407498,20,60,53f2d0,53f2f8,c8,40ace0
ntoskrnl_17763-2028.exe,4d67b0,4d69b0,4d65b0,6ca,407418,20,60,53f2d0,53f2f8,c8,40ac00
ntoskrnl_17763-2029.exe,4d67b0,4d69b0,4d65b0,6ca,407418,20,60,53f2d0,53f2f8,c8,40ac00
ntoskrnl_17763-2061.exe,4d58f0,4d5af0,4d56f0,6ca,406430,20,60,53e2d0,53e2f8,c8,409c60
ntoskrnl_17763-2090.exe,4d5930,4d5b30,4d5730,6ca,406470,20,60,53e2d0,53e2f8,c8,409ca0
ntoskrnl_17763-2114.exe,4d5930,4d5b30,4d5730,6ca,406470,20,60,53e2d0,53e2f8,c8,409ca0
ntoskrnl_17763-2145.exe,4d68b0,4d6ab0,4d66b0,6ca,407480,20,60,53f2d0,53f2f8,c8,40ac40
ntoskrnl_17763-2183.exe,4d68b0,4d6ab0,4d66b0,6ca,407480,20,60,53f2d0,53f2f8,c8,40ac40
ntoskrnl_17763-2213.exe,4d6b70,4d6770,4d6970,6ca,407438,20,60,53f2d0,53f2f8,c8,40ac80
ntoskrnl_17763-2237.exe,4d6b70,4d6770,4d6970,6ca,407438,20,60,53f2d0,53f2f8,c8,40ac80
ntoskrnl_17763-2268.exe,4d5b70,4d5770,4d5970,6ca,406438,20,60,53e2d0,53e2f8,c8,409c80
ntoskrnl_17763-2300.exe,4d5b70,4d5770,4d5970,6ca,406438,20,60,53e2d0,53e2f8,c8,409c80
ntoskrnl_17763-2305.exe,4d5b70,4d5770,4d5970,6ca,406438,20,60,53e2d0,53e2f8,c8,409c80
ntoskrnl_17763-2330.exe,4d5b70,4d5770,4d5970,6ca,406438,20,60,53e2d0,53e2f8,c8,409c80
ntoskrnl_17763-2366.exe,4d5b70,4d5770,4d5970,6ca,406438,20,60,53e2d0,53e2f8,c8,409c80
ntoskrnl_17763-2452.exe,4d6970,4d6b70,4d6770,6ca,407470,20,60,53f2d0,53f2f8,c8,40aca0
ntoskrnl_17763-2458.exe,4d6970,4d6b70,4d6770,6ca,407470,20,60,53f2d0,53f2f8,c8,40aca0
ntoskrnl_17763-2510.exe,4d6970,4d6b70,4d6770,6ca,407470,20,60,53f2d0,53f2f8,c8,40aca0
ntoskrnl_17763-2565.exe,4d6970,4d6b70,4d6770,6ca,407470,20,60,53f2d0,53f2f8,c8,40aca0
ntoskrnl_17763-2628.exe,4d68f0,4d6af0,4d66f0,6ca,407438,20,60,53f2d0,53f2f8,c8,40ac80
ntoskrnl_17763-2686.exe,4d6930,4d6b30,4d6730,6ca,407410,20,60,53f2d0,53f2f8,c8,40ac40
ntoskrnl_17763-2746.exe,4d6930,4d6b30,4d6730,6ca,407410,20,60,53f2d0,53f2f8,c8,40ac40
ntoskrnl_17763-2803.exe,4d6930,4d6b30,4d6730,6ca,407410,20,60,53f2d0,53f2f8,c8,40ac40
ntoskrnl_17763-2867.exe,4d6b30,4d6730,4d6930,6ca,407480,20,60,53f2d0,53f2f8,c8,40ac40
ntoskrnl_17763-2928.exe,4d6b30,4d6730,4d6930,6ca,407480,20,60,53f2d0,53f2f8,c8,40ac40
ntoskrnl_17763-2931.exe,4d6b30,4d6730,4d6930,6ca,407480,20,60,53f2d0,53f2f8,c8,40ac40
ntoskrnl_17763-2989.exe,4d6880,4d6a80,4d6680,6ca,407450,20,60,53f2d0,53f2f8,c8,40ac80
ntoskrnl_17763-3046.exe,4d6840,4d6a40,4d6640,6ca,407430,20,60,53f2d0,53f2f8,c8,40ac60
ntoskrnl_17763-3165.exe,4d6b40,4d6740,4d6940,6ca,407498,20,60,53f2d0,53f2f8,c8,40ac80
ntoskrnl_17763-3232.exe,4d6b40,4d6740,4d6940,6ca,407498,20,60,53f2d0,53f2f8,c8,40ac80
ntoskrnl_17763-3287.exe,4d6a80,4d6680,4d6880,6ca,407458,20,60,53f2d0,53f2f8,c8,40ac40
ntoskrnl_17763-3346.exe,4d6940,4d6b40,4d6740,6ca,407450,20,60,53f2d0,53f2f8,c8,40ac80
ntoskrnl_17763-3406.exe,4d6940,4d6b40,4d6740,6ca,407450,20,60,53f2d0,53f2f8,c8,40ac80
ntoskrnl_17763-3469.exe,4d6900,4d6b00,4d6700,6ca,407430,20,60,53f2d0,53f2f8,c8,40ac60
ntoskrnl_17763-3532.exe,4d6880,4d6a80,4d6680,6ca,407480,20,60,53f2d0,53f2f8,c8,40ac40
ntoskrnl_17763-3534.exe,4d6880,4d6a80,4d6680,6ca,407480,20,60,53f2d0,53f2f8,c8,40ac40
ntoskrnl_17763-3650.exe,4d8b00,4d8700,4d8900,6ca,409440,20,60,5412d0,5412f8,c8,40cc00
ntoskrnl_17763-3770.exe,4d8a00,4d8600,4d8800,6ca,409418,20,60,5412d0,5412f8,c8,40cc60
ntoskrnl_17763-3772.exe,4d8a00,4d8600,4d8800,6ca,409418,20,60,5412d0,5412f8,c8,40cc60
ntoskrnl_17763-3887.exe,4d8a00,4d8600,4d8800,6ca,409418,20,60,5412d0,5412f8,c8,40cc60
ntoskrnl_17763-4010.exe,4d8b00,4d8700,4d8900,6ca,409440,20,60,5412d0,5412f8,c8,40cc00
ntoskrnl_17763-4131.exe,4d7980,4d7b80,4d7780,6ca,408458,20,60,53f2d0,53f2f8,c8,40bc40
ntoskrnl_17763-4252.exe,4d89c0,4d8bc0,4d87c0,6ca,409438,20,60,5402d0,5402f8,c8,40cc80
ntoskrnl_17763-4377.exe,4d89c0,4d8bc0,4d87c0,6ca,409438,20,60,5402d0,5402f8,c8,40cc80
ntoskrnl_17763-4644.exe,4d8900,4d8b00,4d8700,6ca,409458,20,60,5402d0,5402f8,c8,40cca0
ntoskrnl_17763-4737.exe,4d8940,4d8b40,4d8740,6ca,409478,20,60,5412d0,5412f8,c8,40cc40
ntoskrnl_17763-4851.exe,4d8c00,4d8800,4d8a00,6ca,4094b8,20,60,5412d0,5412f8,c8,40cca0
ntoskrnl_17763-4974.exe,4d8b40,4d8740,4d8940,6ca,409478,20,60,5402d0,5402f8,c8,40cc60
ntoskrnl_17763-5122.exe,4d8bc0,4d87c0,4d89c0,6ca,409498,20,60,5402d0,5402f8,c8,40cc80
ntoskrnl_18362-30.exe,500d60,500960,500b60,6fa,42fa40,20,50,56f390,56f3b8,c8,433200
ntoskrnl_18362-116.exe,500de0,5009e0,500be0,6fa,42fa48,20,50,56f390,56f3b8,c8,433260
ntoskrnl_18362-145.exe,500de0,5009e0,500be0,6fa,42f9e8,20,50,56f390,56f3b8,c8,433220
ntoskrnl_18362-207.exe,500de0,5009e0,500be0,6fa,42fa48,20,50,56f390,56f3b8,c8,433260
ntoskrnl_18362-239.exe,500de0,5009e0,500be0,6fa,42fa48,20,50,56f390,56f3b8,c8,433260
ntoskrnl_18362-267.exe,503f60,503b60,503d60,6fa,432c60,20,50,572390,5723b8,c8,436420
ntoskrnl_18362-295.exe,503fa0,503ba0,503da0,6fa,432c48,20,50,572390,5723b8,c8,436460
ntoskrnl_18362-329.exe,504ee0,5050e0,504ce0,6fa,433c28,20,50,573390,5733b8,c8,437420
ntoskrnl_18362-356.exe,505060,504c60,504e60,6fa,433c90,20,50,573390,5733b8,c8,4374a0
ntoskrnl_18362-357.exe,505060,504c60,504e60,6fa,433c90,20,50,573390,5733b8,c8,4374a0
ntoskrnl_18362-387.exe,505fe0,505be0,505de0,6fa,434c38,20,50,574390,5743b8,c8,438400
ntoskrnl_18362-388.exe,505fe0,505be0,505de0,6fa,434c38,20,50,574390,5743b8,c8,438400
ntoskrnl_18362-418.exe,505ee0,5060e0,505ce0,6fa,434c58,20,50,574390,5743b8,c8,438460
ntoskrnl_18362-449.exe,505da0,505fa0,505ba0,6fa,434c58,20,50,574390,5743b8,c8,438420
ntoskrnl_18362-476.exe,506060,505c60,505e60,6fa,434c78,20,50,574390,5743b8,c8,438460
ntoskrnl_18362-535.exe,506020,505c20,505e20,6fa,434c78,20,50,574390,5743b8,c8,438420
ntoskrnl_18362-592.exe,506060,505c60,505e60,6fa,434c80,20,50,574390,5743b8,c8,438440
ntoskrnl_18362-628.exe,506060,505c60,505e60,6fa,434c78,20,50,574390,5743b8,c8,438440
ntoskrnl_18362-657.exe,505e60,506060,505c60,6fa,434c78,20,50,574390,5743b8,c8,438460
ntoskrnl_18362-693.exe,505de0,505fe0,505be0,6fa,434c38,20,60,574390,5743b8,c8,4383e0
ntoskrnl_18362-719.exe,505e20,506020,505c20,6fa,434c78,20,60,574390,5743b8,c8,438420
ntoskrnl_18362-720.exe,505e20,506020,505c20,6fa,434c78,20,60,574390,5743b8,c8,438420
ntoskrnl_18362-752.exe,505ea0,5060a0,505ca0,6fa,434c58,20,60,574390,5743b8,c8,438480
ntoskrnl_18362-753.exe,505ea0,5060a0,505ca0,6fa,434c58,20,60,574390,5743b8,c8,438480
ntoskrnl_18362-778.exe,505e60,506060,505c60,6fa,434c70,20,60,574390,5743b8,c8,438460
ntoskrnl_18362-815.exe,505e60,506060,505c60,6fa,434c70,20,60,574390,5743b8,c8,438460
ntoskrnl_18362-836.exe,505ea0,5060a0,505ca0,6fa,434c58,20,60,574390,5743b8,c8,438480
ntoskrnl_18362-900.exe,505ea0,5060a0,505ca0,6fa,434c78,20,60,574390,5743b8,c8,4384a0
ntoskrnl_18362-904.exe,505ea0,5060a0,505ca0,6fa,434c78,20,60,574390,5743b8,c8,4384a0
ntoskrnl_18362-959.exe,505ea0,5060a0,505ca0,6fa,434cb8,20,60,574390,5743b8,c8,4384a0
ntoskrnl_18362-997.exe,505e60,506060,505c60,6fa,434c78,20,60,574390,5743b8,c8,438460
ntoskrnl_18362-1016.exe,505fa0,505ba0,505da0,6fa,434bf8,20,60,574390,5743b8,c8,4383a0
ntoskrnl_18362-1049.exe,503fe0,503be0,503de0,6fa,432c38,20,60,572390,5723b8,c8,4363e0
ntoskrnl_18362-1082.exe,503fa0,503ba0,503da0,6fa,432bf8,20,60,572390,5723b8,c8,4363a0
ntoskrnl_18362-1110.exe,503fa0,503ba0,503da0,6fa,432c18,20,60,572390,5723b8,c8,4363c0
ntoskrnl_18362-1139.exe,5040a0,503ca0,503ea0,6fa,432c98,20,60,572390,5723b8,c8,436480
ntoskrnl_18362-1171.exe,5040a0,503ca0,503ea0,6fa,432c90,20,60,572390,5723b8,c8,436480
ntoskrnl_18362-1198.exe,5040a0,503ca0,503ea0,6fa,432c90,20,60,572390,5723b8,c8,436480
ntoskrnl_18362-1237.exe,5040a0,503ca0,503ea0,6fa,432c90,20,60,572390,5723b8,c8,436480
ntoskrnl_18362-1256.exe,5040a0,503ca0,503ea0,6fa,432c90,20,60,572390,5723b8,c8,436480
ntoskrnl_18362-1316.exe,5040a0,503ca0,503ea0,6fa,432c90,20,60,572390,5723b8,c8,436480
ntoskrnl_18362-1350.exe,503b60,503d60,503960,6fa,432bf8,20,60,572390,5723b8,c8,436420
ntoskrnl_18362-1377.exe,503da0,5039a0,503ba0,6fa,432c38,20,60,572390,5723b8,c8,436420
ntoskrnl_18362-1379.exe,503da0,5039a0,503ba0,6fa,432c38,20,60,572390,5723b8,c8,436420
ntoskrnl_18362-1411.exe,503de0,5039e0,503be0,6fa,432c38,20,60,572390,5723b8,c8,436420
ntoskrnl_18362-1440.exe,503da0,5039a0,503ba0,6fa,432c38,20,60,572390,5723b8,c8,436420
ntoskrnl_18362-1441.exe,503da0,5039a0,503ba0,6fa,432c38,20,60,572390,5723b8,c8,436420
ntoskrnl_18362-1443.exe,503da0,5039a0,503ba0,6fa,432c38,20,60,572390,5723b8,c8,436420
ntoskrnl_18362-1474.exe,503ba0,503da0,5039a0,6fa,432c38,20,60,572390,5723b8,c8,436460
ntoskrnl_18362-1500.exe,503b60,503d60,503960,6fa,432c18,20,60,572390,5723b8,c8,436440
ntoskrnl_18362-1533.exe,503e20,503a20,503c20,6fa,432c78,20,60,572390,5723b8,c8,436440
ntoskrnl_18362-1556.exe,503e20,503a20,503c20,6fa,432c78,20,60,572390,5723b8,c8,436440
ntoskrnl_18362-1593.exe,503e20,503a20,503c20,6fa,432c78,20,60,572390,5723b8,c8,436440
ntoskrnl_18362-1621.exe,503e20,503a20,503c20,6fa,432c78,20,60,572390,5723b8,c8,436440
ntoskrnl_18362-1646.exe,503e20,503a20,503c20,6fa,432c78,20,60,572390,5723b8,c8,436440
ntoskrnl_18362-1679.exe,502da0,5029a0,502ba0,6fa,431bf8,20,60,571390,5713b8,c8,4353e0
ntoskrnl_18362-1734.exe,503de0,5039e0,503be0,6fa,432c38,20,60,572390,5723b8,c8,436420
ntoskrnl_18362-1801.exe,503ce0,503ee0,503ae0,6fa,432c38,20,60,572390,5723b8,c8,436460
ntoskrnl_18362-1854.exe,503ba0,503da0,5039a0,6fa,432c58,20,60,572390,5723b8,c8,436420
ntoskrnl_18362-1916.exe,503ba0,503da0,5039a0,6fa,432c50,20,60,572390,5723b8,c8,436400
ntoskrnl_18362-1977.exe,503ba0,503da0,5039a0,6fa,432c50,20,60,572390,5723b8,c8,436400
ntoskrnl_18362-2037.exe,503de0,5039e0,503be0,6fa,432c38,20,60,572390,5723b8,c8,436400
ntoskrnl_18362-2039.exe,503de0,5039e0,503be0,6fa,432c38,20,60,572390,5723b8,c8,436400
ntoskrnl_18362-2094.exe,503de0,5039e0,503be0,6fa,432c38,20,60,572390,5723b8,c8,436400
ntoskrnl_18362-2158.exe,503de0,5039e0,503be0,6fa,432c38,20,60,572390,5723b8,c8,436400
ntoskrnl_18362-2212.exe,503de0,5039e0,503be0,6fa,432c38,20,60,572390,5723b8,c8,436400
ntoskrnl_18362-2274.exe,503de0,5039e0,503be0,6fa,432c38,20,60,572390,5723b8,c8,436400
ntoskrnl_19041-264.exe,cec060,cec260,cebe60,87a,c19858,20,60,cfb410,cfb440,c8,c1d960
ntoskrnl_19041-329.exe,cec320,cebf20,cec120,87a,c19898,20,60,cfb410,cfb440,c8,c1d940
ntoskrnl_19041-331.exe,cec320,cebf20,cec120,87a,c19898,20,60,cfb410,cfb440,c8,c1d940
ntoskrnl_19041-388.exe,cec3a0,cebfa0,cec1a0,87a,c19898,20,60,cfb410,cfb440,c8,c1d9a0
ntoskrnl_19041-423.exe,cec160,cec360,cebf60,87a,c198b8,20,60,cfb410,cfb440,c8,c1da60
ntoskrnl_19041-450.exe,cec320,cebf20,cec120,87a,c198b8,20,60,cfb410,cfb440,c8,c1d9a0
ntoskrnl_19041-488.exe,cec220,cec420,cec020,87a,c19918,20,60,cfc410,cfc440,c8,c1d9c0
ntoskrnl_19041-508.exe,cec3a0,cebfa0,cec1a0,87a,c19898,20,60,cfb410,cfb440,c8,c1d9a0
ntoskrnl_19041-546.exe,cec420,cec020,cec220,87a,c19938,20,60,cfc410,cfc440,c8,c1d9e0
ntoskrnl_19041-572.exe,cec420,cec020,cec220,87a,c19938,20,60,cfc410,cfc440,c8,c1d9e0
ntoskrnl_19041-610.exe,cec220,cec420,cec020,87a,c19978,20,60,cfc410,cfc440,c8,c1da40
ntoskrnl_19041-630.exe,cec220,cec420,cec020,87a,c19978,20,60,cfc410,cfc440,c8,c1da40
ntoskrnl_19041-631.exe,cec220,cec420,cec020,87a,c19978,20,60,cfc410,cfc440,c8,c1da40
ntoskrnl_19041-662.exe,cec3a0,cec1a0,cebfa0,87a,c198f8,20,60,cfb410,cfb440,c8,c1d9e0
ntoskrnl_19041-685.exe,cec3a0,cec1a0,cebfa0,87a,c198f8,20,60,cfb410,cfb440,c8,c1d9e0
ntoskrnl_19041-746.exe,cebfe0,cec3e0,cec1e0,87a,c198f8,20,60,cfb410,cfb440,c8,c1da00
ntoskrnl_19041-789.exe,cec220,cec620,cec420,87a,c19998,20,60,cfc410,cfc440,c8,c1da80
ntoskrnl_19041-804.exe,cec420,cec220,cec020,87a,c19918,20,60,cfc410,cfc440,c8,c1da40
ntoskrnl_19041-844.exe,cec660,cec460,cec260,87a,c19fa8,20,60,cfc410,cfc440,c8,c1daa0
ntoskrnl_19041-867.exe,cec1e0,cec5e0,cec3e0,87a,c19fa8,20,60,cfc410,cfc440,c8,c1daa0
ntoskrnl_19041-868.exe,cec1e0,cec5e0,cec3e0,87a,c19fa8,20,60,cfc410,cfc440,c8,c1daa0
ntoskrnl_19041-870.exe,cec1e0,cec5e0,cec3e0,87a,c19fa8,20,60,cfc410,cfc440,c8,c1daa0
ntoskrnl_19041-906.exe,cec5e0,cec3e0,cec1e0,87a,c199d0,20,60,cfc410,cfc440,c8,c1db00
ntoskrnl_19041-928.exe,cec520,cec320,cec120,87a,c19950,20,60,cfc410,cfc440,c8,c1da60
ntoskrnl_19041-964.exe,cec0e0,cebee0,cec2e0,87a,c19d38,20,60,cfb410,cfb440,c8,c1d840
ntoskrnl_19041-985.exe,cec360,cec160,cebf60,87a,c19d78,20,60,cfb410,cfb440,c8,c1d880
ntoskrnl_19041-1023.exe,cec460,cec260,cec060,87a,c19db8,20,60,cfc410,cfc440,c8,c1d8a0
ntoskrnl_19041-1052.exe,cebfe0,cec3e0,cec1e0,87a,c19790,20,60,cfc410,cfc440,c8,c1d8c0
ntoskrnl_19041-1055.exe,cec020,cec420,cec220,87a,c19790,20,60,cfc410,cfc440,c8,c1d8e0
ntoskrnl_19041-1081.exe,cec1e0,cebfe0,cec3e0,87a,c19758,20,60,cfc410,cfc440,c8,c1d880
ntoskrnl_19041-1082.exe,cec420,cec220,cec020,87a,c19758,20,60,cfc410,cfc440,c8,c1d880
ntoskrnl_19041-1083.exe,cec420,cec220,cec020,87a,c19758,20,60,cfc410,cfc440,c8,c1d880
ntoskrnl_19041-1110.exe,cec120,cebf20,cec320,87a,c197f8,20,60,cfb410,cfb440,c8,c1d900
ntoskrnl_19041-1151.exe,cec320,cec120,cebf20,87a,c197c0,20,60,cfb410,cfb440,c8,c1d8c0
ntoskrnl_19041-1165.exe,cec2e0,cec0e0,cebee0,87a,c197a0,20,60,cfb410,cfb440,c8,c1d8a0
ntoskrnl_19041-1202.exe,cec320,cec120,cebf20,87a,c197d0,20,60,cfb410,cfb440,c8,c1d8c0
ntoskrnl_19041-1237.exe,cec320,cec120,cebf20,87a,c197d0,20,60,cfb410,cfb440,c8,c1d8c0
ntoskrnl_19041-1266.exe,cec3a0,cec1a0,cebfa0,87a,c19770,20,60,cfc410,cfc440,c8,c1d880
ntoskrnl_19041-1288.exe,cec1a0,cebfa0,cec3a0,87a,c19790,20,60,cfc410,cfc440,c8,c1d880
ntoskrnl_19041-1320.exe,cec4e0,cec2e0,cec0e0,87a,c197c0,20,60,cfc410,cfc440,c8,c1d8a0
ntoskrnl_19041-1348.exe,cec4e0,cec2e0,cec0e0,87a,c197c0,20,60,cfc410,cfc440,c8,c1d8a0
ntoskrnl_19041-1387.exe,cec1a0,cec3a0,cebfa0,87a,c197a0,20,60,cfc410,cfc440,c8,c1d880
ntoskrnl_19041-1415.exe,cec1e0,cec3e0,cebfe0,87a,c197c0,20,60,cfc410,cfc440,c8,c1d8a0
ntoskrnl_19041-1466.exe,cec020,cec220,cec420,87a,c19780,20,60,cfc410,cfc440,c8,c1d8a0
ntoskrnl_19041-1469.exe,cec020,cec220,cec420,87a,c19780,20,60,cfc410,cfc440,c8,c1d8a0
ntoskrnl_19041-1503.exe,cebfa0,cec3a0,cec1a0,87a,c197a0,20,60,cfb410,cfb440,c8,c1d8c0
ntoskrnl_19041-1526.exe,cec4e0,cec2e0,cec0e0,87a,c197a0,20,60,cfc410,cfc440,c8,c1d8a0
ntoskrnl_19041-1566.exe,cec3e0,cec1e0,cebfe0,87a,c197f8,20,60,cfb410,cfb440,c8,c1d8c0
ntoskrnl_19041-1586.exe,cec3e0,cec1e0,cebfe0,87a,c197f8,20,60,cfb410,cfb440,c8,c1d8c0
ntoskrnl_19041-1620.exe,cec460,cec260,cec060,87a,c19dc8,20,60,cfc410,cfc440,c8,c1d8a0
ntoskrnl_19041-1645.exe,cec3a0,cec1a0,cebfa0,87a,c19de8,20,60,cfc410,cfc440,c8,c1d8c0
ntoskrnl_19041-1682.exe,cec460,cec260,cec060,87a,c19dc8,20,60,cfc410,cfc440,c8,c1d880
ntoskrnl_19041-1706.exe,cec260,cec060,cec460,87a,c19e08,20,60,cfc410,cfc440,c8,c1d8c0
ntoskrnl_19041-1708.exe,cec460,cec260,cec060,87a,c19de8,20,60,cfc410,cfc440,c8,c1d8a0
ntoskrnl_19041-1741.exe,cebf60,cec360,cec160,87a,c19770,20,60,cfb410,cfb440,c8,c1d8a0
ntoskrnl_19041-1766.exe,cec4a0,cec2a0,cec0a0,87a,c19810,20,60,cfc410,cfc440,c8,c1d900
ntoskrnl_19041-1806.exe,cec0e0,cec4e0,cec2e0,87a,c19df8,20,60,cfc410,cfc440,c8,c1d900
ntoskrnl_19041-1826.exe,cec3e0,cec1e0,cebfe0,87a,c19df8,20,60,cfc410,cfc440,c8,c1d900
ntoskrnl_19041-1865.exe,cec120,cec520,cec320,87a,c19de0,20,60,cfc410,cfc440,c8,c1d8e0
ntoskrnl_19041-1889.exe,cec060,cec460,cec260,87a,c19dd8,20,60,cfc410,cfc440,c8,c1d8e0
ntoskrnl_19041-1949.exe,cec460,cec260,cec060,87a,c19790,20,60,cfc410,cfc440,c8,c1d8a0
ntoskrnl_19041-2006.exe,cec420,cec220,cec020,87a,c19d98,20,60,cfc410,cfc440,c8,c1d880
ntoskrnl_19041-2075.exe,cec0a0,cec4a0,cec2a0,87a,c19da8,20,60,cfc410,cfc440,c8,c1d860
ntoskrnl_19041-2130.exe,cec420,cec220,cec020,87a,c19790,20,60,cfc410,cfc440,c8,c1d8a0
ntoskrnl_19041-2193.exe,cec020,cec420,cec220,87a,c197f8,20,60,cfc410,cfc440,c8,c1d940
ntoskrnl_19041-2194.exe,cec420,cec220,cec020,87a,c197f8,20,60,cfc410,cfc440,c8,c1d940
ntoskrnl_19041-2251.exe,cec1e0,cebfe0,cec3e0,87a,c19838,20,60,cfc410,cfc440,c8,c1d980
ntoskrnl_19041-2311.exe,cec420,cec220,cec020,87a,c19818,20,60,cfc410,cfc440,c8,c1d900
ntoskrnl_19041-2364.exe,cec460,cec260,cec060,87a,c197d8,20,60,cfc410,cfc440,c8,c1d8c0
ntoskrnl_19041-2486.exe,cec4a0,cec2a0,cec0a0,87a,c197b8,20,60,cfc410,cfc440,c8,c1d8c0
ntoskrnl_19041-2546.exe,cec120,cebf20,cec320,87a,c197d8,20,60,cfb410,cfb440,c8,c1d8c0
ntoskrnl_19041-2604.exe,cec120,cebf20,cec320,87a,c19798,20,60,cfb410,cfb440,c8,c1d8c0
ntoskrnl_19041-2673.exe,cec3e0,cec1e0,cebfe0,87a,c197d8,20,60,cfc410,cfc440,c8,c1d900
ntoskrnl_19041-2728.exe,cec520,cec320,cec120,87a,c197b8,20,60,cfc410,cfc440,c8,c1d8e0
ntoskrnl_19041-2788.exe,cec0e0,cec4e0,cec2e0,87a,c19df0,20,60,cfc410,cfc440,c8,c1d900
ntoskrnl_19041-2846.exe,cec120,cec520,cec320,87a,c19e50,20,60,cfc410,cfc440,c8,c1d940
ntoskrnl_19041-2913.exe,cec0a0,cec4a0,cec2a0,87a,c19e68,20,60,cfc410,cfc440,c8,c1d940
ntoskrnl_19041-2965.exe,cec0a0,cec4a0,cec2a0,87a,c19e28,20,60,cfc410,cfc440,c8,c1d940
ntoskrnl_19041-3031.exe,cec2a0,cec0a0,cec4a0,87a,c19e30,20,60,cfc410,cfc440,c8,c1d900
ntoskrnl_19041-3086.exe,cec0e0,cec4e0,cec2e0,87a,c19e28,20,60,cfc410,cfc440,c8,c1d900
ntoskrnl_19041-3155.exe,cec4e0,cec2e0,cec0e0,87a,c19e30,20,60,cfc410,cfc440,c8,c1d940
ntoskrnl_19041-3208.exe,cec2a0,cec0a0,cec4a0,87a,c19e08,20,60,cfc410,cfc440,c8,c1d8e0
ntoskrnl_19041-3271.exe,cec420,cec220,cec620,87a,c19838,20,60,cfc410,cfc440,c8,c1d980
ntoskrnl_19041-3324.exe,cec620,cec420,cec220,87a,c19818,20,60,cfc410,cfc440,c8,c1d960
ntoskrnl_19041-3393.exe,cec2e0,cec0e0,cec4e0,87a,c19838,20,60,cfc410,cfc440,c8,c1d940
ntoskrnl_19041-3448.exe,cec460,cec260,cec060,87a,c19858,20,60,cfc410,cfc440,c8,c1d960
ntoskrnl_19041-3516.exe,cec1a0,cec5a0,cec3a0,87a,c197f8,20,60,cfc410,cfc440,c8,c1d900
ntoskrnl_19041-3570.exe,cec660,cec460,cec260,87a,c197d8,20,60,cfc410,cfc440,c8,c1d900
ntoskrnl_19041-3636.exe,cec5e0,cec3e0,cec1e0,87a,c197b8,20,60,cfc410,cfc440,c8,c1d8c0
ntoskrnl_19041-3693.exe,cec120,cec520,cec320,87a,c19798,20,60,cfc410,cfc440,c8,c1d8e0
ntoskrnl_22000-194.exe,cf5f40,cf5d40,cf6140,87a,c15d20,20,60,d06890,d068c0,c8,c1b7c0
ntoskrnl_22000-258.exe,cf5f40,cf5d40,cf6140,87a,c15d20,20,60,d06890,d068c0,c8,c1b7c0
ntoskrnl_22000-282.exe,cf5f00,cf5d00,cf6100,87a,c163d0,20,60,d06890,d068c0,c8,c1b7e0
ntoskrnl_22000-318.exe,cf5f00,cf5d00,cf6100,87a,c163d0,20,60,d06890,d068c0,c8,c1b7e0
ntoskrnl_22000-348.exe,cf5e00,cf6200,cf6000,87a,c15d40,20,60,d06890,d068c0,c8,c1b7e0
ntoskrnl_22000-376.exe,cf5e00,cf6200,cf6000,87a,c15d40,20,60,d06890,d068c0,c8,c1b7e0
ntoskrnl_22000-434.exe,cf5dc0,cf61c0,cf5fc0,87a,c163b8,20,60,d06890,d068c0,c8,c1b7c0
ntoskrnl_22000-438.exe,cf5e00,cf6200,cf6000,87a,c16398,20,60,d06890,d068c0,c8,c1b7a0
ntoskrnl_22000-469.exe,cf6140,cf6340,cf5f40,87a,c15d38,20,60,d06890,d068c0,c8,c1b840
ntoskrnl_22000-493.exe,cf6140,cf6340,cf5f40,87a,c15d58,20,60,d06890,d068c0,c8,c1b840
ntoskrnl_22000-527.exe,cf6300,cf5f00,cf6100,87a,c15d58,20,60,d06890,d068c0,c8,c1b880
ntoskrnl_22000-556.exe,cf62c0,cf5ec0,cf60c0,87a,c15d78,20,60,d06890,d068c0,c8,c1b8a0
ntoskrnl_22000-593.exe,cf63c0,cf61c0,cf5fc0,87a,c15d78,20,60,d06890,d068c0,c8,c1b840
ntoskrnl_22000-613.exe,cf6340,cf6140,cf5f40,87a,c15d78,20,60,d06890,d068c0,c8,c1b800
ntoskrnl_22000-652.exe,cf62c0,cf60c0,cf5ec0,87a,c163d8,20,60,d06890,d068c0,c8,c1b820
ntoskrnl_22000-675.exe,cf6300,cf6100,cf5f00,87a,c163d8,20,60,d06890,d068c0,c8,c1b7c0
ntoskrnl_22000-739.exe,cf62c0,cf60c0,cf5ec0,87a,c163c0,20,60,d06890,d068c0,c8,c1b760
ntoskrnl_22000-778.exe,cf6180,cf5f80,cf5d80,87a,c163b8,20,60,d06890,d068c0,c8,c1b7a0
ntoskrnl_22000-795.exe,cf6180,cf5f80,cf5d80,87a,c163b8,20,60,d06890,d068c0,c8,c1b7a0
ntoskrnl_22000-832.exe,cf6380,cf6180,cf5f80,87a,c163a8,20,60,d06890,d068c0,c8,c1b7c0
ntoskrnl_22000-856.exe,cf6300,cf6100,cf5f00,87a,c16438,20,60,d06890,d068c0,c8,c1b820
ntoskrnl_22000-918.exe,cf6440,cf6240,cf6040,87a,c15d50,20,60,d06890,d068c0,c8,c1b7e0
ntoskrnl_22000-978.exe,cf6440,cf6240,cf6040,87a,c15d50,20,60,d06890,d068c0,c8,c1b7e0
ntoskrnl_22000-1042.exe,cf6300,cf6100,cf5f00,87a,c163d0,20,60,d06890,d068c0,c8,c1b840
ntoskrnl_22000-1098.exe,cf63c0,cf61c0,cf5fc0,87a,c163e0,20,60,d06890,d068c0,c8,c1b7c0
ntoskrnl_22000-1165.exe,cf63c0,cf61c0,cf5fc0,87a,c16398,20,60,d06890,d068c0,c8,c1b7c0
ntoskrnl_22000-1219.exe,cf6340,cf6140,cf5f40,87a,c16398,20,60,d06890,d068c0,c8,c1b780
ntoskrnl_22000-1281.exe,cf6000,cf6200,cf6400,87a,c15d78,20,60,d06890,d068c0,c8,c1b840
ntoskrnl_22000-1335.exe,cf6100,cf6300,cf5f00,87a,c15db8,20,60,d06890,d068c0,c8,c1b820
ntoskrnl_22000-1455.exe,cf5fc0,cf61c0,cf5dc0,87a,c15cd8,20,60,d06890,d068c0,c8,c1b720
ntoskrnl_22000-1516.exe,cf5f40,cf6140,cf6340,87a,c15d58,20,60,d06890,d068c0,c8,c1b820
ntoskrnl_22000-1574.exe,cf5f80,cf6180,cf6380,87a,c163f8,20,60,d06890,d068c0,c8,c1b840
ntoskrnl_22000-1641.exe,cf5fc0,cf61c0,cf63c0,87a,c163d8,20,60,d06890,d068c0,c8,c1b820
ntoskrnl_22000-1696.exe,cf6200,cf6400,cf6000,87a,c163f8,20,60,d06890,d068c0,c8,c1b840
ntoskrnl_22000-1761.exe,cf62c0,cf64c0,cf60c0,87a,c163b8,20,60,d06890,d068c0,c8,c1b7e0
ntoskrnl_22000-1817.exe,cf5f80,cf6180,cf6380,87a,c16408,20,60,d06890,d068c0,c8,c1b840
ntoskrnl_22000-1880.exe,cf5f80,cf6180,cf6380,87a,c15d78,20,60,d06890,d068c0,c8,c1b800
ntoskrnl_22000-1936.exe,cf6180,cf6380,cf5f80,87a,c15d38,20,60,d06890,d068c0,c8,c1b7a0
ntoskrnl_22000-2003.exe,cf61c0,cf63c0,cf5fc0,87a,c15d38,20,60,d06890,d068c0,c8,c1b7e0
ntoskrnl_22000-2057.exe,cf6040,cf6240,cf6440,87a,c15d58,20,60,d06890,d068c0,c8,c1b860
ntoskrnl_22000-2124.exe,cf5fc0,cf61c0,cf63c0,87a,c15d38,20,60,d06890,d068c0,c8,c1b7c0
ntoskrnl_22000-2176.exe,cf5fc0,cf61c0,cf63c0,87a,c15d18,20,60,d06890,d068c0,c8,c1b7c0
ntoskrnl_22000-2245.exe,cf6000,cf6200,cf6400,87a,c15d58,20,60,d06890,d068c0,c8,c1b820
ntoskrnl_22000-2295.exe,cf61c0,cf63c0,cf5fc0,87a,c15d38,20,60,d06890,d068c0,c8,c1b7c0
ntoskrnl_22000-2360.exe,cf64c0,cf60c0,cf62c0,87a,c15d58,20,60,d06890,d068c0,c8,c1b820
ntoskrnl_22000-2416.exe,cf6100,cf6300,cf6500,87a,c15df8,20,60,d06890,d068c0,c8,c1b8c0
ntoskrnl_22000-2482.exe,cf6440,cf6040,cf6240,87a,c15d58,20,60,d06890,d068c0,c8,c1b800
ntoskrnl_22000-2538.exe,cf6240,cf6440,cf6040,87a,c15df8,20,60,d06890,d068c0,c8,c1b8a0
ntoskrnl_22621-382.exe,d0bb60,d0bd60,d0bf60,87a,c317f8,20,60,d1da18,d1da40,c8,c37480
ntoskrnl_22621-525.exe,d0bbe0,d0bde0,d0bfe0,87a,c31f90,20,60,d1da18,d1da40,c8,c37440
ntoskrnl_22621-608.exe,d0bd20,d0bf20,d0c120,87a,c31fb0,20,60,d1da18,d1da40,c8,c37460
ntoskrnl_22621-674.exe,d0bc20,d0be20,d0c020,87a,c31f70,20,60,d1da18,d1da40,c8,c37420
ntoskrnl_22621-675.exe,d0bc20,d0be20,d0c020,87a,c31f70,20,60,d1da18,d1da40,c8,c37420
ntoskrnl_22621-755.exe,d0bae0,d0bce0,d0bee0,87a,c31f40,20,60,d1da18,d1da40,c8,c37420
ntoskrnl_22621-819.exe,d0bde0,d0bfe0,d0bbe0,87a,c31f20,20,60,d1da18,d1da40,c8,c37420
ntoskrnl_22621-900.exe,d0c5e0,d0c1e0,d0c3e0,87a,c31818,20,60,d1da18,d1da40,c8,c37440
ntoskrnl_22621-963.exe,d0c0e0,d0c2e0,d0c4e0,87a,c317b8,20,60,d1da18,d1da40,c8,c37400
ntoskrnl_22621-1105.exe,d0c160,d0c360,d0c560,87a,c317b8,20,60,d1da18,d1da40,c8,c37420
ntoskrnl_22621-1194.exe,d0c0a0,d0c2a0,d0c4a0,87a,c317f8,20,60,d1da18,d1da40,c8,c37400
ntoskrnl_22621-1265.exe,d0c060,d0c260,d0c460,87a,c317b8,20,60,d1da18,d1da40,c8,c373c0
ntoskrnl_22621-1344.exe,d0c5a0,d0c1a0,d0c3a0,87a,c31f98,20,60,d1da18,d1da40,c8,c37420
ntoskrnl_22621-1413.exe,d0c5a0,d0c1a0,d0c3a0,87a,c31f98,20,60,d1da18,d1da40,c8,c37420
ntoskrnl_22621-1485.exe,d0c5e0,d0c1e0,d0c3e0,87a,c31fc0,20,60,d1da18,d1da40,c8,c37500
ntoskrnl_22621-1555.exe,d0c620,d0c220,d0c420,87a,c32020,20,60,d1da18,d1da40,c8,c37560
ntoskrnl_22621-1635.exe,d0c660,d0c260,d0c460,87a,c32000,20,60,d1da18,d1da40,c8,c37480
ntoskrnl_22621-1702.exe,d0c2a0,d0c4a0,d0c6a0,87a,c31fe0,20,60,d1da18,d1da40,c8,c374e0
ntoskrnl_22621-1778.exe,d0bf00,d0c100,d0bd00,87a,c31fe0,20,60,d1da18,d1da40,c8,c374e0
ntoskrnl_22621-1848.exe,d0bfc0,d0c1c0,d0bdc0,87a,c31fb8,20,60,d1da18,d1da40,c8,c374c0
ntoskrnl_22621-1928.exe,d0c080,d0c280,d0c480,87a,c31ff8,20,60,d1da18,d1da40,c8,c374e0
ntoskrnl_22621-1992.exe,d0c380,d0bf80,d0c180,87a,c31fc8,20,60,d1da18,d1da40,c8,c37480
ntoskrnl_22621-2070.exe,d0c3c0,d0c1c0,d0bfc0,87a,c31920,20,60,d1da18,d1da40,c8,c375c0
ntoskrnl_22621-2134.exe,d0c3c0,d0c1c0,d0bfc0,87a,c31900,20,60,d1da18,d1da40,c8,c375e0
ntoskrnl_22621-2215.exe,d0c380,d0c180,d0bf80,87a,c31900,20,60,d1da18,d1da40,c8,c37500
ntoskrnl_22621-2283.exe,d0c440,d0c240,d0c040,87a,c318e0,20,60,d1da18,d1da40,c8,c375e0
ntoskrnl_22621-2361.exe,d0c510,d0c310,d0c110,87a,c318e0,20,60,d1da18,d1da40,c8,c374c0
ntoskrnl_22621-2428.exe,d0c610,d0c410,d0c210,87a,c318e0,20,60,d1ea18,d1ea40,c8,c37560
ntoskrnl_22621-2506.exe,d0c150,d0c550,d0c350,87a,c31880,20,60,d1ea18,d1ea40,c8,c37500
ntoskrnl_22621-2715.exe,d0c150,d0c550,d0c350,87a,c31880,20,60,d1ea18,d1ea40,c8,c37500
